{"cameraMode":{"drawMode":0,"name":"Shaded","section":"Shading Mode"},"sceneLighting":true,"audioPlay":false,"sceneViewState":{"m_AlwaysRefresh":false,"showFog":true,"showSkybox":true,"showFlares":true,"showImageEffects":false,"showParticleSystems":true,"showVisualEffectGraphs":true,"m_FxEnabled":true},"in2DMode":false,"pivot":{"x":21.479999542236329,"y":29.878997802734376,"z":1.2239999771118165},"rotation":{"x":0.45177626609802248,"y":0.0574677437543869,"z":-0.029177870601415635,"w":0.8898030519485474},"size":16.499570846557618,"orthographic":false}