{"cameraMode":{"drawMode":0,"name":"Shaded","section":"Shading Mode"},"sceneLighting":true,"audioPlay":false,"sceneViewState":{"m_AlwaysRefresh":false,"showFog":true,"showSkybox":true,"showFlares":true,"showImageEffects":false,"showParticleSystems":true,"showVisualEffectGraphs":true,"m_FxEnabled":true},"in2DMode":false,"pivot":{"x":47.835113525390628,"y":-1.9792556762695313,"z":29.651473999023439},"rotation":{"x":0.6378468871116638,"y":0.01270231045782566,"z":-0.010522394441068173,"w":0.7699908018112183},"size":39.9909553527832,"orthographic":false}