{"cameraMode":{"drawMode":0,"name":"Shaded","section":"Shading Mode"},"sceneLighting":true,"audioPlay":false,"sceneViewState":{"m_AlwaysRefresh":false,"showFog":true,"showSkybox":true,"showFlares":true,"showImageEffects":false,"showParticleSystems":true,"showVisualEffectGraphs":true,"m_FxEnabled":true},"in2DMode":false,"pivot":{"x":124.17767333984375,"y":-303.0328369140625,"z":84.91670227050781},"rotation":{"x":-0.6413686871528626,"y":-0.006447006482630968,"z":0.005389248952269554,"w":-0.7671881914138794},"size":167.09974670410157,"orthographic":false}