{"cameraMode":{"drawMode":0,"name":"Shaded","section":"Shading Mode"},"sceneLighting":true,"audioPlay":false,"sceneViewState":{"m_AlwaysRefresh":false,"showFog":true,"showSkybox":true,"showFlares":true,"showImageEffects":false,"showParticleSystems":true,"showVisualEffectGraphs":true,"m_FxEnabled":true},"in2DMode":false,"pivot":{"x":145.31866455078126,"y":0.2607387602329254,"z":-2.448636054992676},"rotation":{"x":-0.4764244854450226,"y":0.06104122847318649,"z":-0.03317554295063019,"w":-0.8764742016792297},"size":32.555057525634769,"orthographic":false}