{"cameraMode":{"drawMode":0,"name":"Shaded","section":"Shading Mode"},"sceneLighting":false,"audioPlay":false,"sceneViewState":{"showFog":true,"showMaterialUpdate":false,"showSkybox":true,"showFlares":true,"showImageEffects":false,"showParticleSystems":true},"in2DMode":false,"pivot":{"x":2.2837960720062258,"y":-0.1665346920490265,"z":-2.391465425491333},"rotation":{"x":-0.07762888818979263,"y":0.6038053631782532,"z":-0.05924880504608154,"w":-0.7911273837089539},"size":39.4522819519043,"orthographic":false}