{"cameraMode":{"drawMode":2,"name":"Shaded Wireframe","section":"Shading Mode"},"sceneLighting":true,"audioPlay":false,"sceneViewState":{"showFog":true,"showMaterialUpdate":false,"showSkybox":true,"showFlares":true,"showImageEffects":false,"showParticleSystems":true},"in2DMode":false,"pivot":{"x":24.483566284179689,"y":7.553409576416016,"z":17.35657501220703},"rotation":{"x":-0.5474423170089722,"y":-0.0032658937852829696,"z":0.0021365301217883827,"w":-0.8368343710899353},"size":52.52170181274414,"orthographic":false}