{"cameraMode":{"drawMode":0,"name":"Shaded","section":"Shading Mode"},"sceneLighting":false,"audioPlay":false,"sceneViewState":{"showFog":true,"showMaterialUpdate":false,"showSkybox":false,"showFlares":true,"showImageEffects":false,"showParticleSystems":true},"in2DMode":false,"pivot":{"x":1.9183564186096192,"y":9.806951522827149,"z":0.46602630615234377},"rotation":{"x":0.43339625000953677,"y":-0.22170472145080567,"z":0.11089751869440079,"w":0.8664389848709106},"size":10.171283721923829,"orthographic":false}