{"cameraMode":{"drawMode":0,"name":"Shaded","section":"Shading Mode"},"sceneLighting":false,"audioPlay":false,"sceneViewState":{"showFog":true,"showMaterialUpdate":false,"showSkybox":true,"showFlares":true,"showImageEffects":false,"showParticleSystems":true},"in2DMode":false,"pivot":{"x":610.531005859375,"y":332.2702331542969,"z":4.0430908203125},"rotation":{"x":-0.012310479767620564,"y":0.01109706424176693,"z":-0.00013653963105753064,"w":-0.9998626708984375},"size":269.709716796875,"orthographic":false}