{"cameraMode":{"drawMode":0,"name":"Shaded","section":"Shading Mode"},"sceneLighting":false,"audioPlay":false,"sceneViewState":{"showFog":true,"showMaterialUpdate":false,"showSkybox":true,"showFlares":true,"showImageEffects":false,"showParticleSystems":true},"in2DMode":false,"pivot":{"x":38.56208801269531,"y":-0.48333290219306948,"z":103.87557983398438},"rotation":{"x":-0.11143440753221512,"y":0.21205033361911775,"z":-0.024345895275473596,"w":-0.9705793857574463},"size":410.9978332519531,"orthographic":false}