{"cameraMode":{"drawMode":2,"name":"Shaded Wireframe","section":"Shading Mode"},"sceneLighting":true,"audioPlay":false,"sceneViewState":{"showFog":true,"showMaterialUpdate":false,"showSkybox":true,"showFlares":true,"showImageEffects":false,"showParticleSystems":true},"in2DMode":false,"pivot":{"x":42.38341522216797,"y":7.307714462280273,"z":16.518653869628908},"rotation":{"x":-0.5474423170089722,"y":-0.0032658937852829696,"z":0.0021365301217883827,"w":-0.8368343710899353},"size":178.59793090820313,"orthographic":false}