{"cameraMode":{"drawMode":0,"name":"Shaded","section":"Shading Mode"},"sceneLighting":false,"audioPlay":false,"sceneViewState":{"showFog":true,"showMaterialUpdate":false,"showSkybox":true,"showFlares":true,"showImageEffects":false,"showParticleSystems":true},"in2DMode":false,"pivot":{"x":63.23805236816406,"y":328.30157470703127,"z":22.006839752197267},"rotation":{"x":-0.2834874987602234,"y":0.20286203920841218,"z":-0.06149013713002205,"w":-0.9352544546127319},"size":230.5762176513672,"orthographic":false}