{"cameraMode":{"drawMode":0,"name":"Shaded","section":"Shading Mode"},"sceneLighting":false,"audioPlay":false,"sceneViewState":{"showFog":true,"showMaterialUpdate":false,"showSkybox":true,"showFlares":true,"showImageEffects":false,"showParticleSystems":true},"in2DMode":false,"pivot":{"x":269.4746398925781,"y":-40.945098876953128,"z":60.806610107421878},"rotation":{"x":-0.6804519891738892,"y":0.25930169224739077,"z":-0.28256934881210329,"w":-0.6244216561317444},"size":115.33316802978516,"orthographic":false}