{"cameraMode":{"drawMode":2,"name":"Shaded Wireframe","section":"Shading Mode"},"sceneLighting":true,"audioPlay":false,"sceneViewState":{"showFog":true,"showMaterialUpdate":false,"showSkybox":true,"showFlares":true,"showImageEffects":false,"showParticleSystems":true},"in2DMode":false,"pivot":{"x":29.534626007080079,"y":9.129098892211914,"z":20.917984008789064},"rotation":{"x":-0.5474423170089722,"y":-0.0032658937852829696,"z":0.0021365301217883827,"w":-0.8368343710899353},"size":21.072416305541993,"orthographic":false}