{"cameraMode":{"drawMode":0,"name":"Shaded","section":"Shading Mode"},"sceneLighting":false,"audioPlay":false,"sceneViewState":{"showFog":true,"showMaterialUpdate":false,"showSkybox":true,"showFlares":true,"showImageEffects":false,"showParticleSystems":true},"in2DMode":false,"pivot":{"x":34.641014099121097,"y":-0.6656801104545593,"z":0.0},"rotation":{"x":-0.3998090624809265,"y":-0.0022022745106369259,"z":0.0009606462554074824,"w":-0.9165953397750855},"size":39.66869354248047,"orthographic":false}