{"cameraMode":{"drawMode":0,"name":"Shaded","section":"Shading Mode"},"sceneLighting":false,"audioPlay":false,"sceneViewState":{"showFog":true,"showMaterialUpdate":false,"showSkybox":true,"showFlares":true,"showImageEffects":false,"showParticleSystems":true},"in2DMode":false,"pivot":{"x":64.31121063232422,"y":1.3600746393203736,"z":46.82550811767578},"rotation":{"x":-0.06318787485361099,"y":-0.050280168652534488,"z":0.003187339985743165,"w":-0.9967291951179504},"size":42.813602447509769,"orthographic":false}