{"cameraMode":{"drawMode":2,"name":"Shaded Wireframe","section":"Shading Mode"},"sceneLighting":true,"audioPlay":false,"sceneViewState":{"showFog":true,"showMaterialUpdate":false,"showSkybox":true,"showFlares":true,"showImageEffects":false,"showParticleSystems":true},"in2DMode":false,"pivot":{"x":26.597244262695314,"y":4.454242706298828,"z":10.252701759338379},"rotation":{"x":-0.5474423170089722,"y":-0.0032658937852829696,"z":0.0021365301217883827,"w":-0.8368343710899353},"size":32.140594482421878,"orthographic":false}