{"cameraMode":{"drawMode":2,"name":"Shaded Wireframe","section":"Shading Mode"},"sceneLighting":true,"audioPlay":false,"sceneViewState":{"showFog":true,"showMaterialUpdate":false,"showSkybox":true,"showFlares":true,"showImageEffects":false,"showParticleSystems":true},"in2DMode":false,"pivot":{"x":39.85771942138672,"y":17.545799255371095,"z":12.157634735107422},"rotation":{"x":-0.6873157620429993,"y":-0.005013633985072374,"z":0.004744411446154118,"w":-0.7263259887695313},"size":67.89543914794922,"orthographic":false}