{"cameraMode":{"drawMode":0,"name":"Shaded","section":"Shading Mode"},"sceneLighting":false,"audioPlay":false,"sceneViewState":{"showFog":true,"showMaterialUpdate":false,"showSkybox":true,"showFlares":true,"showImageEffects":false,"showParticleSystems":true},"in2DMode":false,"pivot":{"x":0.0,"y":2.621000051498413,"z":-0.019784927368164064},"rotation":{"x":0.13309092819690705,"y":0.6157470941543579,"z":-0.10652780532836914,"w":0.7692816257476807},"size":12.090511322021485,"orthographic":false}