{"cameraMode":{"drawMode":0,"name":"Shaded","section":"Shading Mode"},"sceneLighting":false,"audioPlay":false,"sceneViewState":{"showFog":true,"showMaterialUpdate":false,"showSkybox":true,"showFlares":true,"showImageEffects":false,"showParticleSystems":true},"in2DMode":false,"pivot":{"x":333.0847473144531,"y":272.10089111328127,"z":23.636394500732423},"rotation":{"x":-0.05273575335741043,"y":0.04402248188853264,"z":-0.0023269634693861009,"w":-0.997635006904602},"size":646.5192260742188,"orthographic":false}