{"cameraMode":{"drawMode":0,"name":"Shaded","section":"Shading Mode"},"sceneLighting":false,"audioPlay":false,"sceneViewState":{"showFog":true,"showMaterialUpdate":false,"showSkybox":false,"showFlares":true,"showImageEffects":false,"showParticleSystems":true},"in2DMode":false,"pivot":{"x":323.1232604980469,"y":305.5079040527344,"z":1.377716064453125},"rotation":{"x":-0.027305513620376588,"y":-0.00839938223361969,"z":0.00022945865930523723,"w":-0.9995918273925781},"size":22.0,"orthographic":false}