{"cameraMode":{"drawMode":0,"name":"Shaded","section":"Shading Mode"},"sceneLighting":false,"audioPlay":false,"sceneViewState":{"showFog":true,"showMaterialUpdate":false,"showSkybox":true,"showFlares":true,"showImageEffects":false,"showParticleSystems":true},"in2DMode":false,"pivot":{"x":311.01690673828127,"y":301.7446594238281,"z":273.46795654296877},"rotation":{"x":-0.028803154826164247,"y":-0.017393697053194047,"z":0.0005013688933104277,"w":-0.9994336366653442},"size":822.9256591796875,"orthographic":false}