{"cameraMode":{"drawMode":0,"name":"Shaded","section":"Shading Mode"},"sceneLighting":false,"audioPlay":false,"sceneViewState":{"showFog":true,"showMaterialUpdate":false,"showSkybox":true,"showFlares":true,"showImageEffects":false,"showParticleSystems":true},"in2DMode":false,"pivot":{"x":-0.07670903205871582,"y":5.7342634201049809,"z":-0.6851280331611633},"rotation":{"x":0.01222137175500393,"y":0.7445151805877686,"z":-0.013633775524795056,"w":0.6673544049263},"size":2.8578836917877199,"orthographic":false}