{"cameraMode":{"drawMode":0,"name":"Shaded","section":"Shading Mode"},"sceneLighting":false,"audioPlay":false,"sceneViewState":{"showFog":true,"showMaterialUpdate":false,"showSkybox":true,"showFlares":true,"showImageEffects":false,"showParticleSystems":true},"in2DMode":false,"pivot":{"x":25.318283081054689,"y":-201.9617462158203,"z":33.48335647583008},"rotation":{"x":-0.3454315662384033,"y":0.6440898180007935,"z":-0.4049890339374542,"w":-0.5493716597557068},"size":293.1527404785156,"orthographic":false}