{"cameraMode":{"drawMode":2,"name":"Shaded Wireframe","section":"Shading Mode"},"sceneLighting":false,"audioPlay":false,"sceneViewState":{"showFog":true,"showMaterialUpdate":false,"showSkybox":true,"showFlares":true,"showImageEffects":false,"showParticleSystems":true},"in2DMode":false,"pivot":{"x":139.10403442382813,"y":-22.747737884521486,"z":5.673528671264648},"rotation":{"x":-0.7367002367973328,"y":0.010545178316533566,"z":-0.01149159949272871,"w":-0.6760395765304565},"size":68.65547943115235,"orthographic":false}